Fecha;Día semana;Sab, dom, festivos;;
6/24/14;Mar;;;
6/25/14;Mié;;;
6/26/14;Jue;;;
6/27/14;Vie;;;
6/28/14;Sáb;Sáb;;
6/29/14;Dom;Dom;;
6/30/14;Lun;;;
7/1/14;Mar;;;
7/2/14;Mié;;;
7/3/14;Jue;;;
7/4/14;Vie;;;
7/5/14;Sáb;Sáb;;
7/6/14;Dom;Dom;;
7/7/14;Lun;;;
7/8/14;Mar;;;
7/9/14;Mié;;;
7/10/14;Jue;;;
7/11/14;Vie;;;
7/12/14;Sáb;Sáb;;
7/13/14;Dom;Dom;;
7/14/14;Lun;;;
7/15/14;Mar;;;
7/16/14;Mié;;;
7/17/14;Jue;;;
7/18/14;Vie;;;
7/19/14;Sáb;Sáb;;
7/20/14;Dom;Dom;;
7/21/14;Lun;;;
7/22/14;Mar;;;
7/23/14;Mié;;;
7/24/14;Jue;;;
7/25/14;Vie;;;
7/26/14;Sáb;Sáb;;
7/27/14;Dom;Dom;;
7/28/14;Lun;;;
7/29/14;Mar;;;
7/30/14;Mié;;;
7/31/14;Jue;;;
8/1/14;Vie;;;
8/2/14;Sáb;Sáb;;
8/3/14;Dom;Dom;;
8/4/14;Lun;;;
8/5/14;Mar;;;
8/6/14;Mié;;;
8/7/14;Jue;;;
8/8/14;Vie;;;
8/9/14;Sáb;Sáb;;
8/10/14;Dom;Dom;;
8/11/14;Lun;;;
8/12/14;Mar;;;
8/13/14;Mié;;;
8/14/14;Jue;;;
8/15/14;Vie;;;
8/16/14;Sáb;Sáb;;
8/17/14;Dom;Dom;;
8/18/14;Lun;;;
8/19/14;Mar;;;
8/20/14;Mié;;;
8/21/14;Jue;;;
8/22/14;Vie;;;
8/23/14;Sáb;Sáb;;
8/24/14;Dom;Dom;;
8/25/14;Lun;;;
8/26/14;Mar;;;
8/27/14;Mié;;;
8/28/14;Jue;;;
8/29/14;Vie;;;
8/30/14;Sáb;Sáb;;
8/31/14;Dom;Dom;;
9/1/14;Lun;;;
9/2/14;Mar;;;
9/3/14;Mié;;;
9/4/14;Jue;;;
9/5/14;Vie;;;
9/6/14;Sáb;Sáb;;
9/7/14;Dom;Dom;;
9/8/14;Lun;;;
9/9/14;Mar;;;
9/10/14;Mié;;;
9/11/14;Jue;;;
9/12/14;Vie;;;
9/13/14;Sáb;Sáb;;
9/14/14;Dom;Dom;;
9/15/14;Lun;;;
9/16/14;Mar;;;
9/17/14;Mié;;;
9/18/14;Jue;;;
9/19/14;Vie;;;
9/20/14;Sáb;Sáb;;
9/21/14;Dom;Dom;;
9/22/14;Lun;;;
9/23/14;Mar;;;
9/24/14;Mié;;;
9/25/14;Jue;;;
9/26/14;Vie;;;
9/27/14;Sáb;Sáb;;
9/28/14;Dom;Dom;;
9/29/14;Lun;;;
9/30/14;Mar;;;
10/1/14;Mié;;;
10/2/14;Jue;;;
10/3/14;Vie;;;
10/4/14;Sáb;Sáb;;
10/5/14;Dom;Dom;;
10/6/14;Lun;;;
10/7/14;Mar;;;
10/8/14;Mié;;;
10/9/14;Jue;;;
10/10/14;Vie;;;
10/11/14;Sáb;Sáb;;
10/12/14;Dom;Dom;;
10/13/14;Lun;;;
10/14/14;Mar;;;
10/15/14;Mié;;;
10/16/14;Jue;;;
10/17/14;Vie;;;
10/18/14;Sáb;Sáb;;
10/19/14;Dom;Dom;;
10/20/14;Lun;;;
10/21/14;Mar;;;
10/22/14;Mié;;;
10/23/14;Jue;;;
10/24/14;Vie;;;
10/25/14;Sáb;Sáb;;
10/26/14;Dom;Dom;;
10/27/14;Lun;;;
10/28/14;Mar;;;
10/29/14;Mié;;;
10/30/14;Jue;;;
10/31/14;Vie;;;
11/1/14;Sáb;Sáb;;
11/2/14;Dom;Dom;;
11/3/14;Lun;;;
11/4/14;Mar;;;
11/5/14;Mié;;;
11/6/14;Jue;;;
11/7/14;Vie;;;
11/8/14;Sáb;Sáb;;
11/9/14;Dom;Dom;;
11/10/14;Lun;;;
11/11/14;Mar;;;
11/12/14;Mié;;;
11/13/14;Jue;;;
11/14/14;Vie;;;
11/15/14;Sáb;Sáb;;
11/16/14;Dom;Dom;;
11/17/14;Lun;;;
11/18/14;Mar;;;
11/19/14;Mié;;;
11/20/14;Jue;;;
11/21/14;Vie;;;
11/22/14;Sáb;Sáb;;
11/23/14;Dom;Dom;;
11/24/14;Lun;;;
11/25/14;Mar;;;
11/26/14;Mié;;;
11/27/14;Jue;;;
11/28/14;Vie;;;
11/29/14;Sáb;Sáb;;
11/30/14;Dom;Dom;;
12/1/14;Lun;;;
12/2/14;Mar;;;
12/3/14;Mié;;;
12/4/14;Jue;;;
12/5/14;Vie;;;
12/6/14;Sáb;Sáb;;
12/7/14;Dom;Dom;;
12/8/14;Lun;;;
12/9/14;Mar;;;
12/10/14;Mié;;;
12/11/14;Jue;;;
12/12/14;Vie;;;
12/13/14;Sáb;Sáb;;
12/14/14;Dom;Dom;;
12/15/14;Lun;;;
12/16/14;Mar;;;
12/17/14;Mié;;;
12/18/14;Jue;;;
12/19/14;Vie;;;
12/20/14;Sáb;Sáb;;
12/21/14;Dom;Dom;;
12/22/14;Lun;;;
12/23/14;Mar;;;
12/24/14;Mié;;;
12/25/14;Jue;;;
12/26/14;Vie;;;
12/27/14;Sáb;Sáb;;
12/28/14;Dom;Dom;;
12/29/14;Lun;;;
12/30/14;Mar;;;
12/31/14;Mié;;;
1/1/15;Jue;;;
1/2/15;Vie;;;
1/3/15;Sáb;Sáb;;
1/4/15;Dom;Dom;;
1/5/15;Lun;;;
1/6/15;Mar;;;
1/7/15;Mié;;;
1/8/15;Jue;;;
1/9/15;Vie;;;
1/10/15;Sáb;Sáb;;
1/11/15;Dom;Dom;;
1/12/15;Lun;;;
1/13/15;Mar;;;
1/14/15;Mié;;;
1/15/15;Jue;;;
1/16/15;Vie;;;
1/17/15;Sáb;Sáb;;
1/18/15;Dom;Dom;;
1/19/15;Lun;;;
1/20/15;Mar;;;
1/21/15;Mié;;;
1/22/15;Jue;;;
1/23/15;Vie;;;
1/24/15;Sáb;Sáb;;
1/25/15;Dom;Dom;;
1/26/15;Lun;;;
1/27/15;Mar;;;
1/28/15;Mié;;;
1/29/15;Jue;;;
1/30/15;Vie;;;
1/31/15;Sáb;Sáb;;
2/1/15;Dom;Dom;;
2/2/15;Lun;;;
2/3/15;Mar;;;
2/4/15;Mié;;;
2/5/15;Jue;;;
2/6/15;Vie;;;
2/7/15;Sáb;Sáb;;
2/8/15;Dom;Dom;;
2/9/15;Lun;;;
2/10/15;Mar;;;
2/11/15;Mié;;;
2/12/15;Jue;;;
2/13/15;Vie;;;
2/14/15;Sáb;Sáb;;
2/15/15;Dom;Dom;;
2/16/15;Lun;;;
2/17/15;Mar;;;
2/18/15;Mié;;;
2/19/15;Jue;;;
2/20/15;Vie;;;
2/21/15;Sáb;Sáb;;
2/22/15;Dom;Dom;;
2/23/15;Lun;;;
2/24/15;Mar;;;
2/25/15;Mié;;;
2/26/15;Jue;;;
2/27/15;Vie;;;
2/28/15;Sáb;Sáb;;
3/1/15;Dom;Dom;;
3/2/15;Lun;;;
3/3/15;Mar;;;
3/4/15;Mié;;;
3/5/15;Jue;;;
3/6/15;Vie;;;
3/7/15;Sáb;Sáb;;
3/8/15;Dom;Dom;;
3/9/15;Lun;;;
3/10/15;Mar;;;
3/11/15;Mié;;;
3/12/15;Jue;;;
3/13/15;Vie;;;
3/14/15;Sáb;Sáb;;
3/15/15;Dom;Dom;;
3/16/15;Lun;;;
3/17/15;Mar;;;
3/18/15;Mié;;;
3/19/15;Jue;;;
3/20/15;Vie;;;
3/21/15;Sáb;Sáb;;
3/22/15;Dom;Dom;;
3/23/15;Lun;;;
3/24/15;Mar;;;
3/25/15;Mié;;;
3/26/15;Jue;;;
3/27/15;Vie;;;
3/28/15;Sáb;Sáb;;
3/29/15;Dom;Dom;;
3/30/15;Lun;;;
3/31/15;Mar;;;
4/1/15;Mié;;;
4/2/15;Jue;;;
4/3/15;Vie;;;
4/4/15;Sáb;Sáb;;
4/5/15;Dom;Dom;;
4/6/15;Lun;;;
4/7/15;Mar;;;
4/8/15;Mié;;;
4/9/15;Jue;;;
4/10/15;Vie;;;
4/11/15;Sáb;Sáb;;
4/12/15;Dom;Dom;;
4/13/15;Lun;;;
4/14/15;Mar;;;
4/15/15;Mié;;;
4/16/15;Jue;;;
4/17/15;Vie;;;
4/18/15;Sáb;Sáb;;
4/19/15;Dom;Dom;;
4/20/15;Lun;;;
4/21/15;Mar;;;
4/22/15;Mié;;;
4/23/15;Jue;;;
4/24/15;Vie;;;
4/25/15;Sáb;Sáb;;
4/26/15;Dom;Dom;;
4/27/15;Lun;;;
4/28/15;Mar;;;
4/29/15;Mié;;;
4/30/15;Jue;;;
5/1/15;Vie;;;
5/2/15;Sáb;Sáb;;
5/3/15;Dom;Dom;;
5/4/15;Lun;;;
5/5/15;Mar;;;
5/6/15;Mié;;;
5/7/15;Jue;;;
5/8/15;Vie;;;
5/9/15;Sáb;Sáb;;
5/10/15;Dom;Dom;;
5/11/15;Lun;;;
5/12/15;Mar;;;
5/13/15;Mié;;;
5/14/15;Jue;;;
5/15/15;Vie;;;
5/16/15;Sáb;Sáb;;
5/17/15;Dom;Dom;;
5/18/15;Lun;;;
5/19/15;Mar;;;
5/20/15;Mié;;;
5/21/15;Jue;;;
5/22/15;Vie;;;
5/23/15;Sáb;Sáb;;
5/24/15;Dom;Dom;;
5/25/15;Lun;;;
5/26/15;Mar;;;
5/27/15;Mié;;;
5/28/15;Jue;;;
5/29/15;Vie;;;
5/30/15;Sáb;Sáb;;
5/31/15;Dom;Dom;;
6/1/15;Lun;;;
6/2/15;Mar;;;
6/3/15;Mié;;;
6/4/15;Jue;;;
6/5/15;Vie;;;
6/6/15;Sáb;Sáb;;
6/7/15;Dom;Dom;;
6/8/15;Lun;;;
6/9/15;Mar;;;
6/10/15;Mié;;;
6/11/15;Jue;;;
6/12/15;Vie;;;
6/13/15;Sáb;Sáb;;
6/14/15;Dom;Dom;;
6/15/15;Lun;;;
6/16/15;Mar;;;
6/17/15;Mié;;;
6/18/15;Jue;;;
6/19/15;Vie;;;
6/20/15;Sáb;Sáb;;
6/21/15;Dom;Dom;;
6/22/15;Lun;;;
6/23/15;Mar;;;
6/24/15;Mié;;;
6/25/15;Jue;;;
6/26/15;Vie;;;
6/27/15;Sáb;Sáb;;
6/28/15;Dom;Dom;;
6/29/15;Lun;;;
6/30/15;Mar;;;
7/1/15;Mié;;;
7/2/15;Jue;;;
7/3/15;Vie;;;
7/4/15;Sáb;Sáb;;
7/5/15;Dom;Dom;;
7/6/15;Lun;;;
7/7/15;Mar;;;
7/8/15;Mié;;;
7/9/15;Jue;;;
7/10/15;Vie;;;
7/11/15;Sáb;Sáb;;
7/12/15;Dom;Dom;;
7/13/15;Lun;;;
7/14/15;Mar;;;
7/15/15;Mié;;;
7/16/15;Jue;;;
7/17/15;Vie;;;
7/18/15;Sáb;Sáb;;
7/19/15;Dom;Dom;;
7/20/15;Lun;;;
7/21/15;Mar;;;
7/22/15;Mié;;;
7/23/15;Jue;;;
7/24/15;Vie;;;
7/25/15;Sáb;Sáb;;
7/26/15;Dom;Dom;;
7/27/15;Lun;;;
7/28/15;Mar;;;
7/29/15;Mié;;;
7/30/15;Jue;;;
7/31/15;Vie;;;
8/1/15;Sáb;Sáb;;
8/2/15;Dom;Dom;;
8/3/15;Lun;;;
8/4/15;Mar;;;
8/5/15;Mié;;;
8/6/15;Jue;;;
8/7/15;Vie;;;
8/8/15;Sáb;Sáb;;
8/9/15;Dom;Dom;;
8/10/15;Lun;;;
8/11/15;Mar;;;
8/12/15;Mié;;;
8/13/15;Jue;;;
8/14/15;Vie;;;
8/15/15;Sáb;Sáb;;
8/16/15;Dom;Dom;;
8/17/15;Lun;;;
8/18/15;Mar;;;
8/19/15;Mié;;;
8/20/15;Jue;;;
8/21/15;Vie;;;
8/22/15;Sáb;Sáb;;
8/23/15;Dom;Dom;;
8/24/15;Lun;;;
8/25/15;Mar;;;
8/26/15;Mié;;;
8/27/15;Jue;;;
8/28/15;Vie;;;
8/29/15;Sáb;Sáb;;
8/30/15;Dom;Dom;;
8/31/15;Lun;;;
9/1/15;Mar;;;
9/2/15;Mié;;;
9/3/15;Jue;;;
9/4/15;Vie;;;
9/5/15;Sáb;Sáb;;
9/6/15;Dom;Dom;;
9/7/15;Lun;;;
9/8/15;Mar;;;
9/9/15;Mié;;;
9/10/15;Jue;;;
9/11/15;Vie;;;
9/12/15;Sáb;Sáb;;
9/13/15;Dom;Dom;;
9/14/15;Lun;;;
9/15/15;Mar;;;
9/16/15;Mié;;;
9/17/15;Jue;;;
9/18/15;Vie;;;
9/19/15;Sáb;Sáb;;
9/20/15;Dom;Dom;;
9/21/15;Lun;;;
9/22/15;Mar;;;
9/23/15;Mié;;;
9/24/15;Jue;;;
9/25/15;Vie;;;
9/26/15;Sáb;Sáb;;
9/27/15;Dom;Dom;;
9/28/15;Lun;;;
9/29/15;Mar;;;
9/30/15;Mié;;;
10/1/15;Jue;;;
10/2/15;Vie;;;
10/3/15;Sáb;Sáb;;
10/4/15;Dom;Dom;;
10/5/15;Lun;;;
10/6/15;Mar;;;
10/7/15;Mié;;;
10/8/15;Jue;;;
10/9/15;Vie;;;
10/10/15;Sáb;Sáb;;
10/11/15;Dom;Dom;;
10/12/15;Lun;;;
10/13/15;Mar;;;
10/14/15;Mié;;;
10/15/15;Jue;;;
10/16/15;Vie;;;
10/17/15;Sáb;Sáb;;
10/18/15;Dom;Dom;;
10/19/15;Lun;;;
10/20/15;Mar;;;
10/21/15;Mié;;;
10/22/15;Jue;;;
10/23/15;Vie;;;
10/24/15;Sáb;Sáb;;
10/25/15;Dom;Dom;;
10/26/15;Lun;;;
10/27/15;Mar;;;
10/28/15;Mié;;;
10/29/15;Jue;;;
10/30/15;Vie;;;
10/31/15;Sáb;Sáb;;
11/1/15;Dom;Dom;;
11/2/15;Lun;;;
11/3/15;Mar;;;
11/4/15;Mié;;;
11/5/15;Jue;;;
11/6/15;Vie;;;
11/7/15;Sáb;Sáb;;
11/8/15;Dom;Dom;;
11/9/15;Lun;;;
11/10/15;Mar;;;
11/11/15;Mié;;;
11/12/15;Jue;;;
11/13/15;Vie;;;
11/14/15;Sáb;Sáb;;
11/15/15;Dom;Dom;;
11/16/15;Lun;;;
11/17/15;Mar;;;
11/18/15;Mié;;;
11/19/15;Jue;;;
11/20/15;Vie;;;
11/21/15;Sáb;Sáb;;
11/22/15;Dom;Dom;;
11/23/15;Lun;;;
11/24/15;Mar;;;
11/25/15;Mié;;;
11/26/15;Jue;;;
11/27/15;Vie;;;
11/28/15;Sáb;Sáb;;
11/29/15;Dom;Dom;;
11/30/15;Lun;;;
12/1/15;Mar;;;
12/2/15;Mié;;;
12/3/15;Jue;;;
12/4/15;Vie;;;
12/5/15;Sáb;Sáb;;
12/6/15;Dom;Dom;;
12/7/15;Lun;;;
12/8/15;Mar;;;
12/9/15;Mié;;;
12/10/15;Jue;;;
12/11/15;Vie;;;
12/12/15;Sáb;Sáb;;
12/13/15;Dom;Dom;;
12/14/15;Lun;;;
12/15/15;Mar;;;
12/16/15;Mié;;;
12/17/15;Jue;;;
12/18/15;Vie;;;
12/19/15;Sáb;Sáb;;
12/20/15;Dom;Dom;;
12/21/15;Lun;;;
12/22/15;Mar;;;
12/23/15;Mié;;;
12/24/15;Jue;;;
12/25/15;Vie;;;
12/26/15;Sáb;Sáb;;
12/27/15;Dom;Dom;;
12/28/15;Lun;;;
12/29/15;Mar;;;
12/30/15;Mié;;;
12/31/15;Jue;;;
1/1/16;Vie;;;
1/2/16;Sáb;Sáb;;
1/3/16;Dom;Dom;;
1/4/16;Lun;;;
1/5/16;Mar;;;
1/6/16;Mié;;;
1/7/16;Jue;;;
1/8/16;Vie;;;
1/9/16;Sáb;Sáb;;
1/10/16;Dom;Dom;;
1/11/16;Lun;;;
1/12/16;Mar;;;
1/13/16;Mié;;;
1/14/16;Jue;;;
1/15/16;Vie;;;
1/16/16;Sáb;Sáb;;
1/17/16;Dom;Dom;;
1/18/16;Lun;;;
1/19/16;Mar;;;
1/20/16;Mié;;;
1/21/16;Jue;;;
1/22/16;Vie;;;
1/23/16;Sáb;Sáb;;
1/24/16;Dom;Dom;;
1/25/16;Lun;;;
1/26/16;Mar;;;
1/27/16;Mié;;;
1/28/16;Jue;;;
1/29/16;Vie;;;
1/30/16;Sáb;Sáb;;
1/31/16;Dom;Dom;;
2/1/16;Lun;;;
2/2/16;Mar;;;
2/3/16;Mié;;;
2/4/16;Jue;;;
2/5/16;Vie;;;
2/6/16;Sáb;Sáb;;
2/7/16;Dom;Dom;;
2/8/16;Lun;;;
2/9/16;Mar;;;
2/10/16;Mié;;;
2/11/16;Jue;;;
2/12/16;Vie;;;
2/13/16;Sáb;Sáb;;
2/14/16;Dom;Dom;;
2/15/16;Lun;;;
2/16/16;Mar;;;
2/17/16;Mié;;;
2/18/16;Jue;;;
2/19/16;Vie;;;
2/20/16;Sáb;Sáb;;
2/21/16;Dom;Dom;;
2/22/16;Lun;;;
2/23/16;Mar;;;
2/24/16;Mié;;;
2/25/16;Jue;;;
2/26/16;Vie;;;
2/27/16;Sáb;Sáb;;
2/28/16;Dom;Dom;;
2/29/16;Lun;;;
3/1/16;Mar;;;
3/2/16;Mié;;;
3/3/16;Jue;;;
3/4/16;Vie;;;
3/5/16;Sáb;Sáb;;
3/6/16;Dom;Dom;;
3/7/16;Lun;;;
3/8/16;Mar;;;
3/9/16;Mié;;;
3/10/16;Jue;;;
3/11/16;Vie;;;
3/12/16;Sáb;Sáb;;
3/13/16;Dom;Dom;;
3/14/16;Lun;;;
3/15/16;Mar;;;
3/16/16;Mié;;;
3/17/16;Jue;;;
3/18/16;Vie;;;
3/19/16;Sáb;Sáb;;
3/20/16;Dom;Dom;;
3/21/16;Lun;;;
3/22/16;Mar;;;
3/23/16;Mié;;;
3/24/16;Jue;;;
3/25/16;Vie;;;
3/26/16;Sáb;Sáb;;
3/27/16;Dom;Dom;;
3/28/16;Lun;;;
3/29/16;Mar;;;
3/30/16;Mié;;;
3/31/16;Jue;;;
4/1/16;Vie;;;
4/2/16;Sáb;Sáb;;
4/3/16;Dom;Dom;;
4/4/16;Lun;;;
4/5/16;Mar;;;
4/6/16;Mié;;;
4/7/16;Jue;;;
4/8/16;Vie;;;
4/9/16;Sáb;Sáb;;
4/10/16;Dom;Dom;;
4/11/16;Lun;;;
4/12/16;Mar;;;
4/13/16;Mié;;;
4/14/16;Jue;;;
4/15/16;Vie;;;
4/16/16;Sáb;Sáb;;
4/17/16;Dom;Dom;;
4/18/16;Lun;;;
4/19/16;Mar;;;
4/20/16;Mié;;;
4/21/16;Jue;;;
4/22/16;Vie;;;
4/23/16;Sáb;Sáb;;
4/24/16;Dom;Dom;;
4/25/16;Lun;;;
4/26/16;Mar;;;
4/27/16;Mié;;;
4/28/16;Jue;;;
4/29/16;Vie;;;
4/30/16;Sáb;Sáb;;
5/1/16;Dom;Dom;;
5/2/16;Lun;;;
5/3/16;Mar;;;
5/4/16;Mié;;;
5/5/16;Jue;;;
5/6/16;Vie;;;
5/7/16;Sáb;Sáb;;
5/8/16;Dom;Dom;;
5/9/16;Lun;;;
5/10/16;Mar;;;
5/11/16;Mié;;;
5/12/16;Jue;;;
5/13/16;Vie;;;
5/14/16;Sáb;Sáb;;
5/15/16;Dom;Dom;;
5/16/16;Lun;;;
5/17/16;Mar;;;
5/18/16;Mié;;;
5/19/16;Jue;;;
5/20/16;Vie;;;
5/21/16;Sáb;Sáb;;
5/22/16;Dom;Dom;;
5/23/16;Lun;;;
5/24/16;Mar;;;
5/25/16;Mié;;;
5/26/16;Jue;;;
5/27/16;Vie;;;
5/28/16;Sáb;Sáb;;
5/29/16;Dom;Dom;;
5/30/16;Lun;;;
5/31/16;Mar;;;
6/1/16;Mié;;;
6/2/16;Jue;;;
6/3/16;Vie;;;
6/4/16;Sáb;Sáb;;
6/5/16;Dom;Dom;;
6/6/16;Lun;;;
6/7/16;Mar;;;
6/8/16;Mié;;;
6/9/16;Jue;;;
6/10/16;Vie;;;
6/11/16;Sáb;Sáb;;
6/12/16;Dom;Dom;;
6/13/16;Lun;;;
6/14/16;Mar;;;
6/15/16;Mié;;;
6/16/16;Jue;;;
6/17/16;Vie;;;
6/18/16;Sáb;Sáb;;
6/19/16;Dom;Dom;;
6/20/16;Lun;;;
6/21/16;Mar;;;
6/22/16;Mié;;;
6/23/16;Jue;;;
6/24/16;Vie;;;
6/25/16;Sáb;Sáb;;
6/26/16;Dom;Dom;;
6/27/16;Lun;;;
6/28/16;Mar;;;
6/29/16;Mié;;;
6/30/16;Jue;;;
7/1/16;Vie;;;
7/2/16;Sáb;Sáb;;
7/3/16;Dom;Dom;;
7/4/16;Lun;;;
7/5/16;Mar;;;
7/6/16;Mié;;;
7/7/16;Jue;;;
7/8/16;Vie;;;
7/9/16;Sáb;Sáb;;
7/10/16;Dom;Dom;;
7/11/16;Lun;;;
7/12/16;Mar;;;
7/13/16;Mié;;;
7/14/16;Jue;;;
7/15/16;Vie;;;
7/16/16;Sáb;Sáb;;
7/17/16;Dom;Dom;;
7/18/16;Lun;;;
7/19/16;Mar;;;
7/20/16;Mié;;;
7/21/16;Jue;;;
7/22/16;Vie;;;
7/23/16;Sáb;Sáb;;
7/24/16;Dom;Dom;;
7/25/16;Lun;;;
7/26/16;Mar;;;
7/27/16;Mié;;;
7/28/16;Jue;;;
7/29/16;Vie;;;
7/30/16;Sáb;Sáb;;
7/31/16;Dom;Dom;;
8/1/16;Lun;;;
8/2/16;Mar;;;
8/3/16;Mié;;;
8/4/16;Jue;;;
8/5/16;Vie;;;
8/6/16;Sáb;Sáb;;
8/7/16;Dom;Dom;;
8/8/16;Lun;;;
8/9/16;Mar;;;
8/10/16;Mié;;;
8/11/16;Jue;;;
8/12/16;Vie;;;
8/13/16;Sáb;Sáb;;
8/14/16;Dom;Dom;;
8/15/16;Lun;;;
8/16/16;Mar;;;
8/17/16;Mié;;;
8/18/16;Jue;;;
8/19/16;Vie;;;
8/20/16;Sáb;Sáb;;
8/21/16;Dom;Dom;;
8/22/16;Lun;;;
8/23/16;Mar;;;
8/24/16;Mié;;;
8/25/16;Jue;;;
8/26/16;Vie;;;
8/27/16;Sáb;Sáb;;
8/28/16;Dom;Dom;;
8/29/16;Lun;;;
8/30/16;Mar;;;
8/31/16;Mié;;;
9/1/16;Jue;;;
9/2/16;Vie;;;
9/3/16;Sáb;Sáb;;
9/4/16;Dom;Dom;;
9/5/16;Lun;;;
9/6/16;Mar;;;
9/7/16;Mié;;;
9/8/16;Jue;;;
9/9/16;Vie;;;
9/10/16;Sáb;Sáb;;
9/11/16;Dom;Dom;;
9/12/16;Lun;;;
9/13/16;Mar;;;
9/14/16;Mié;;;
9/15/16;Jue;;;
9/16/16;Vie;;;
9/17/16;Sáb;Sáb;;
9/18/16;Dom;Dom;;
9/19/16;Lun;;;
9/20/16;Mar;;;
9/21/16;Mié;;;
9/22/16;Jue;;;
9/23/16;Vie;;;
9/24/16;Sáb;Sáb;;
9/25/16;Dom;Dom;;
9/26/16;Lun;;;
9/27/16;Mar;;;
9/28/16;Mié;;;
9/29/16;Jue;;;
9/30/16;Vie;;;
10/1/16;Sáb;Sáb;;
10/2/16;Dom;Dom;;
10/3/16;Lun;;;
10/4/16;Mar;;;
10/5/16;Mié;;;
10/6/16;Jue;;;
10/7/16;Vie;;;
10/8/16;Sáb;Sáb;;
10/9/16;Dom;Dom;;
10/10/16;Lun;;;
10/11/16;Mar;;;
10/12/16;Mié;;;
10/13/16;Jue;;;
10/14/16;Vie;;;
10/15/16;Sáb;Sáb;;
10/16/16;Dom;Dom;;
10/17/16;Lun;;;
10/18/16;Mar;;;
10/19/16;Mié;;;
10/20/16;Jue;;;
10/21/16;Vie;;;
10/22/16;Sáb;Sáb;;
10/23/16;Dom;Dom;;
10/24/16;Lun;;;
10/25/16;Mar;;;
10/26/16;Mié;;;
10/27/16;Jue;;;
10/28/16;Vie;;;
10/29/16;Sáb;Sáb;;
10/30/16;Dom;Dom;;
10/31/16;Lun;;;
11/1/16;Mar;;;
11/2/16;Mié;;;
11/3/16;Jue;;;
11/4/16;Vie;;;
11/5/16;Sáb;Sáb;;
11/6/16;Dom;Dom;;
11/7/16;Lun;;;
11/8/16;Mar;;;
11/9/16;Mié;;;
11/10/16;Jue;;;
11/11/16;Vie;;;
11/12/16;Sáb;Sáb;;
11/13/16;Dom;Dom;;
11/14/16;Lun;;;
11/15/16;Mar;;;
11/16/16;Mié;;;
11/17/16;Jue;;;
11/18/16;Vie;;;
11/19/16;Sáb;Sáb;;
11/20/16;Dom;Dom;;
11/21/16;Lun;;;
11/22/16;Mar;;;
11/23/16;Mié;;;
11/24/16;Jue;;;
11/25/16;Vie;;;
11/26/16;Sáb;Sáb;;
11/27/16;Dom;Dom;;
11/28/16;Lun;;;
11/29/16;Mar;;;
11/30/16;Mié;;;
12/1/16;Jue;;;
12/2/16;Vie;;;
12/3/16;Sáb;Sáb;;
12/4/16;Dom;Dom;;
12/5/16;Lun;;;
12/6/16;Mar;;;
12/7/16;Mié;;;
12/8/16;Jue;;;
12/9/16;Vie;;;
12/10/16;Sáb;Sáb;;
12/11/16;Dom;Dom;;
12/12/16;Lun;;;
12/13/16;Mar;;;
12/14/16;Mié;;;
12/15/16;Jue;;;
12/16/16;Vie;;;
12/17/16;Sáb;Sáb;;
12/18/16;Dom;Dom;;
12/19/16;Lun;;;
12/20/16;Mar;;;
12/21/16;Mié;;;
12/22/16;Jue;;;
12/23/16;Vie;;;
12/24/16;Sáb;Sáb;;
12/25/16;Dom;Dom;;
12/26/16;Lun;;;
12/27/16;Mar;;;
12/28/16;Mié;;;
12/29/16;Jue;;;
12/30/16;Vie;;;
12/31/16;Sáb;Sáb;;
1/1/17;Dom;Dom;;
1/2/17;Lun;;;
1/3/17;Mar;;;
1/4/17;Mié;;;
1/5/17;Jue;;;
1/6/17;Vie;;;
1/7/17;Sáb;Sáb;;
1/8/17;Dom;Dom;;
1/9/17;Lun;;;
1/10/17;Mar;;;
1/11/17;Mié;;;
1/12/17;Jue;;;
1/13/17;Vie;;;
1/14/17;Sáb;Sáb;;
1/15/17;Dom;Dom;;
1/16/17;Lun;;;
1/17/17;Mar;;;
1/18/17;Mié;;;
1/19/17;Jue;;;
1/20/17;Vie;;;
1/21/17;Sáb;Sáb;;
1/22/17;Dom;Dom;;
1/23/17;Lun;;;
1/24/17;Mar;;;
1/25/17;Mié;;;
1/26/17;Jue;;;
1/27/17;Vie;;;
1/28/17;Sáb;Sáb;;
1/29/17;Dom;Dom;;
1/30/17;Lun;;;
1/31/17;Mar;;;
2/1/17;Mié;;;
2/2/17;Jue;;;
2/3/17;Vie;;;
2/4/17;Sáb;Sáb;;
2/5/17;Dom;Dom;;
2/6/17;Lun;;;
2/7/17;Mar;;;
2/8/17;Mié;;;
2/9/17;Jue;;;
2/10/17;Vie;;;
2/11/17;Sáb;Sáb;;
2/12/17;Dom;Dom;;
2/13/17;Lun;;;
2/14/17;Mar;;;
2/15/17;Mié;;;
2/16/17;Jue;;;
2/17/17;Vie;;;
2/18/17;Sáb;Sáb;;
2/19/17;Dom;Dom;;
2/20/17;Lun;;;
2/21/17;Mar;;;
2/22/17;Mié;;;
2/23/17;Jue;;;
2/24/17;Vie;;;
2/25/17;Sáb;Sáb;;
2/26/17;Dom;Dom;;
2/27/17;Lun;;;
2/28/17;Mar;;;
3/1/17;Mié;;;
3/2/17;Jue;;;
3/3/17;Vie;;;
3/4/17;Sáb;Sáb;;
3/5/17;Dom;Dom;;
3/6/17;Lun;;;
3/7/17;Mar;;;
3/8/17;Mié;;;
3/9/17;Jue;;;
3/10/17;Vie;;;
3/11/17;Sáb;Sáb;;
3/12/17;Dom;Dom;;
3/13/17;Lun;;;
3/14/17;Mar;;;
3/15/17;Mié;;;
3/16/17;Jue;;;
3/17/17;Vie;;;
3/18/17;Sáb;Sáb;;
3/19/17;Dom;Dom;;
3/20/17;Lun;;;
3/21/17;Mar;;;
3/22/17;Mié;;;
3/23/17;Jue;;;
3/24/17;Vie;;;
3/25/17;Sáb;Sáb;;
3/26/17;Dom;Dom;;
3/27/17;Lun;;;
3/28/17;Mar;;;
3/29/17;Mié;;;
3/30/17;Jue;;;
3/31/17;Vie;;;
4/1/17;Sáb;Sáb;;
4/2/17;Dom;Dom;;
4/3/17;Lun;;;
4/4/17;Mar;;;
4/5/17;Mié;;;
4/6/17;Jue;;;
4/7/17;Vie;;;
4/8/17;Sáb;Sáb;;
4/9/17;Dom;Dom;;
4/10/17;Lun;;;
4/11/17;Mar;;;
4/12/17;Mié;;;
4/13/17;Jue;;;
4/14/17;Vie;;;
4/15/17;Sáb;Sáb;;
4/16/17;Dom;Dom;;
4/17/17;Lun;;;
4/18/17;Mar;;;
4/19/17;Mié;;;
4/20/17;Jue;;;
4/21/17;Vie;;;
4/22/17;Sáb;Sáb;;
4/23/17;Dom;Dom;;
4/24/17;Lun;;;
4/25/17;Mar;;;
4/26/17;Mié;;;
4/27/17;Jue;;;
4/28/17;Vie;;;
4/29/17;Sáb;Sáb;;
4/30/17;Dom;Dom;;
5/1/17;Lun;;;
5/2/17;Mar;;;
5/3/17;Mié;;;
5/4/17;Jue;;;
5/5/17;Vie;;;
5/6/17;Sáb;Sáb;;
5/7/17;Dom;Dom;;
5/8/17;Lun;;;
5/9/17;Mar;;;
5/10/17;Mié;;;
5/11/17;Jue;;;
5/12/17;Vie;;;
5/13/17;Sáb;Sáb;;
5/14/17;Dom;Dom;;
5/15/17;Lun;;;
5/16/17;Mar;;;
5/17/17;Mié;;;
5/18/17;Jue;;;
5/19/17;Vie;;;
5/20/17;Sáb;Sáb;;
5/21/17;Dom;Dom;;
5/22/17;Lun;;;
5/23/17;Mar;;;
5/24/17;Mié;;;
5/25/17;Jue;;;
5/26/17;Vie;;;
5/27/17;Sáb;Sáb;;
5/28/17;Dom;Dom;;
5/29/17;Lun;;;
5/30/17;Mar;;;
5/31/17;Mié;;;
6/1/17;Jue;;;
6/2/17;Vie;;;
6/3/17;Sáb;Sáb;;
6/4/17;Dom;Dom;;
6/5/17;Lun;;;
6/6/17;Mar;;;
6/7/17;Mié;;;
6/8/17;Jue;;;
6/9/17;Vie;;;
6/10/17;Sáb;Sáb;;
6/11/17;Dom;Dom;;
6/12/17;Lun;;;
6/13/17;Mar;;;
6/14/17;Mié;;;
6/15/17;Jue;;;
6/16/17;Vie;;;
6/17/17;Sáb;Sáb;;
6/18/17;Dom;Dom;;
6/19/17;Lun;;;
6/20/17;Mar;;;
6/21/17;Mié;;;
6/22/17;Jue;;;
6/23/17;Vie;;;
6/24/17;Sáb;Sáb;;
6/25/17;Dom;Dom;;
6/26/17;Lun;;;
6/27/17;Mar;;;
6/28/17;Mié;;;
6/29/17;Jue;;;
6/30/17;Vie;;;
7/1/17;Sáb;Sáb;;
7/2/17;Dom;Dom;;
7/3/17;Lun;;;
7/4/17;Mar;;;
7/5/17;Mié;;;
7/6/17;Jue;;;
7/7/17;Vie;;;
7/8/17;Sáb;Sáb;;
7/9/17;Dom;Dom;;
7/10/17;Lun;;;
7/11/17;Mar;;;
7/12/17;Mié;;;
7/13/17;Jue;;;
7/14/17;Vie;;;
7/15/17;Sáb;Sáb;;
7/16/17;Dom;Dom;;
7/17/17;Lun;;;
7/18/17;Mar;;;
7/19/17;Mié;;;
7/20/17;Jue;;;
7/21/17;Vie;;;
7/22/17;Sáb;Sáb;;
7/23/17;Dom;Dom;;
7/24/17;Lun;;;
7/25/17;Mar;;;
7/26/17;Mié;;;
7/27/17;Jue;;;
7/28/17;Vie;;;
7/29/17;Sáb;Sáb;;
7/30/17;Dom;Dom;;
7/31/17;Lun;;;
8/1/17;Mar;;;
8/2/17;Mié;;;
8/3/17;Jue;;;
8/4/17;Vie;;;
8/5/17;Sáb;Sáb;;
8/6/17;Dom;Dom;;
8/7/17;Lun;;;
8/8/17;Mar;;;
8/9/17;Mié;;;
8/10/17;Jue;;;
8/11/17;Vie;;;
8/12/17;Sáb;Sáb;;
8/13/17;Dom;Dom;;
8/14/17;Lun;;;
8/15/17;Mar;;;
8/16/17;Mié;;;
8/17/17;Jue;;;
8/18/17;Vie;;;
8/19/17;Sáb;Sáb;;
8/20/17;Dom;Dom;;
8/21/17;Lun;;;
8/22/17;Mar;;;
8/23/17;Mié;;;
8/24/17;Jue;;;
8/25/17;Vie;;;
8/26/17;Sáb;Sáb;;
8/27/17;Dom;Dom;;
8/28/17;Lun;;;
8/29/17;Mar;;;
8/30/17;Mié;;;
8/31/17;Jue;;;
9/1/17;Vie;;;
9/2/17;Sáb;Sáb;;
9/3/17;Dom;Dom;;
9/4/17;Lun;;;
9/5/17;Mar;;;
9/6/17;Mié;;;
9/7/17;Jue;;;
9/8/17;Vie;;;
9/9/17;Sáb;Sáb;;
9/10/17;Dom;Dom;;
9/11/17;Lun;;;
9/12/17;Mar;;;
9/13/17;Mié;;;
9/14/17;Jue;;;
9/15/17;Vie;;;
9/16/17;Sáb;Sáb;;
9/17/17;Dom;Dom;;
9/18/17;Lun;;;
9/19/17;Mar;;;
9/20/17;Mié;;;
9/21/17;Jue;;;
9/22/17;Vie;;;
9/23/17;Sáb;Sáb;;
9/24/17;Dom;Dom;;
9/25/17;Lun;;;
9/26/17;Mar;;;
9/27/17;Mié;;;
9/28/17;Jue;;;
9/29/17;Vie;;;
9/30/17;Sáb;Sáb;;
10/1/17;Dom;Dom;;
10/2/17;Lun;;;
10/3/17;Mar;;;
10/4/17;Mié;;;
10/5/17;Jue;;;
10/6/17;Vie;;;
10/7/17;Sáb;Sáb;;
10/8/17;Dom;Dom;;
10/9/17;Lun;;;
10/10/17;Mar;;;
10/11/17;Mié;;;
10/12/17;Jue;;;
10/13/17;Vie;;;
10/14/17;Sáb;Sáb;;
10/15/17;Dom;Dom;;
10/16/17;Lun;;;
10/17/17;Mar;;;
10/18/17;Mié;;;
10/19/17;Jue;;;
10/20/17;Vie;;;
10/21/17;Sáb;Sáb;;
10/22/17;Dom;Dom;;
10/23/17;Lun;;;
10/24/17;Mar;;;
10/25/17;Mié;;;
10/26/17;Jue;;;
10/27/17;Vie;;;
10/28/17;Sáb;Sáb;;
10/29/17;Dom;Dom;;
10/30/17;Lun;;;
10/31/17;Mar;;;
11/1/17;Mié;Fest;;
11/2/17;Jue;;;
11/3/17;Vie;;;
11/4/17;Sáb;Sáb;;
11/5/17;Dom;Dom;;
11/6/17;Lun;;;
11/7/17;Mar;;;
11/8/17;Mié;;;
11/9/17;Jue;Fest;;
11/10/17;Vie;;;
11/11/17;Sáb;Sáb;;
11/12/17;Dom;Dom;;
11/13/17;Lun;;;
11/14/17;Mar;;;
11/15/17;Mié;;;
11/16/17;Jue;;;
11/17/17;Vie;;;
11/18/17;Sáb;Sáb;;
11/19/17;Dom;Dom;;
11/20/17;Lun;;;
11/21/17;Mar;;;
11/22/17;Mié;;;
11/23/17;Jue;;;
11/24/17;Vie;;;
11/25/17;Sáb;Sáb;;
11/26/17;Dom;Dom;;
11/27/17;Lun;;;
11/28/17;Mar;;;
11/29/17;Mié;;;
11/30/17;Jue;;;
12/1/17;Vie;;;
12/2/17;Sáb;Sáb;;
12/3/17;Dom;Dom;;
12/4/17;Lun;;;
12/5/17;Mar;;;
12/6/17;Mié;Fest;;
12/7/17;Jue;;;
12/8/17;Vie;Fest;;
12/9/17;Sáb;Sáb;;
12/10/17;Dom;Dom;;
12/11/17;Lun;;;
12/12/17;Mar;;;
12/13/17;Mié;;;
12/14/17;Jue;;;
12/15/17;Vie;;;
12/16/17;Sáb;Sáb;;
12/17/17;Dom;Dom;;
12/18/17;Lun;;;
12/19/17;Mar;;;
12/20/17;Mié;;;
12/21/17;Jue;;;
12/22/17;Vie;;;
12/23/17;Sáb;Sáb;;
12/24/17;Dom;Dom;;
12/25/17;Lun;Fest;;
12/26/17;Mar;;;
12/27/17;Mié;;;
12/28/17;Jue;;;
12/29/17;Vie;;;
12/30/17;Sáb;Sáb;;
12/31/17;Dom;Dom;;
1/1/18;Lun;Fest;;
1/2/18;Mar;;;
1/3/18;Mié;;;
1/4/18;Jue;;;
1/5/18;Vie;;;
1/6/18;Sáb;Sáb;;
1/7/18;Dom;Dom;;
1/8/18;Lun;;;
1/9/18;Mar;;;
1/10/18;Mié;;;
1/11/18;Jue;;;
1/12/18;Vie;;;
1/13/18;Sáb;Sáb;;
1/14/18;Dom;Dom;;
1/15/18;Lun;;;
1/16/18;Mar;;;
1/17/18;Mié;;;
1/18/18;Jue;;;
1/19/18;Vie;;;
1/20/18;Sáb;Sáb;;
1/21/18;Dom;Dom;;
1/22/18;Lun;;;
1/23/18;Mar;;;
1/24/18;Mié;;;
1/25/18;Jue;;;
1/26/18;Vie;;;
1/27/18;Sáb;Sáb;;
1/28/18;Dom;Dom;;
1/29/18;Lun;;;
1/30/18;Mar;;;
1/31/18;Mié;;;
2/1/18;Jue;;;
2/2/18;Vie;;;
2/3/18;Sáb;Sáb;;
2/4/18;Dom;Dom;;
2/5/18;Lun;;;
2/6/18;Mar;;;
2/7/18;Mié;;;
2/8/18;Jue;;;
2/9/18;Vie;;;
2/10/18;Sáb;Sáb;;
2/11/18;Dom;Dom;;
2/12/18;Lun;;;
2/13/18;Mar;;;
2/14/18;Mié;;;
2/15/18;Jue;;;
2/16/18;Vie;;;
2/17/18;Sáb;Sáb;;
2/18/18;Dom;Dom;;
2/19/18;Lun;;;
2/20/18;Mar;;;
2/21/18;Mié;;;
2/22/18;Jue;;;
2/23/18;Vie;;;
2/24/18;Sáb;Sáb;;
2/25/18;Dom;Dom;;
2/26/18;Lun;;;
2/27/18;Mar;;;
2/28/18;Mié;;;
3/1/18;Jue;;;
3/2/18;Vie;;;
3/3/18;Sáb;Sáb;;
3/4/18;Dom;Dom;;
3/5/18;Lun;;;
3/6/18;Mar;;;
3/7/18;Mié;;;
3/8/18;Jue;;;
3/9/18;Vie;;;
3/10/18;Sáb;Sáb;;
3/11/18;Dom;Dom;;
3/12/18;Lun;;;
3/13/18;Mar;;;
3/14/18;Mié;;;
3/15/18;Jue;;;
3/16/18;Vie;;;
3/17/18;Sáb;Sáb;;
3/18/18;Dom;Dom;;
3/19/18;Lun;;;
3/20/18;Mar;;;
3/21/18;Mié;;;
3/22/18;Jue;;;
3/23/18;Vie;;;
3/24/18;Sáb;Sáb;;
3/25/18;Dom;Dom;;
3/26/18;Lun;;;
3/27/18;Mar;;;
3/28/18;Mié;;;
3/29/18;Jue;Fest;;
3/30/18;Vie;Fest;;
3/31/18;Sáb;Sáb;;
4/1/18;Dom;Dom;;
4/2/18;Lun;;;
4/3/18;Mar;;;
4/4/18;Mié;;;
4/5/18;Jue;;;
4/6/18;Vie;;;
4/7/18;Sáb;Sáb;;
4/8/18;Dom;Dom;;
4/9/18;Lun;;;
4/10/18;Mar;;;
4/11/18;Mié;;;
4/12/18;Jue;;;
4/13/18;Vie;;;
4/14/18;Sáb;Sáb;;
4/15/18;Dom;Dom;;
4/16/18;Lun;;;
4/17/18;Mar;;;
4/18/18;Mié;;;
4/19/18;Jue;;;
4/20/18;Vie;;;
4/21/18;Sáb;Sáb;;
4/22/18;Dom;Dom;;
4/23/18;Lun;;;
4/24/18;Mar;;;
4/25/18;Mié;;;
4/26/18;Jue;;;
4/27/18;Vie;;;
4/28/18;Sáb;Sáb;;
4/29/18;Dom;Dom;;
4/30/18;Lun;;;
5/1/18;Mar;Fest;;
5/2/18;Mié;Fest;;
5/3/18;Jue;;;
5/4/18;Vie;;;
5/5/18;Sáb;Sáb;;
5/6/18;Dom;Dom;;
5/7/18;Lun;;;
5/8/18;Mar;;;
5/9/18;Mié;;;
5/10/18;Jue;;;
5/11/18;Vie;;;
5/12/18;Sáb;Sáb;;
5/13/18;Dom;Dom;;
5/14/18;Lun;;;
5/15/18;Mar;Fest;;
5/16/18;Mié;;;
5/17/18;Jue;;;
5/18/18;Vie;;;
5/19/18;Sáb;Sáb;;
5/20/18;Dom;Dom;;
5/21/18;Lun;;;
5/22/18;Mar;;;
5/23/18;Mié;;;
5/24/18;Jue;;;
5/25/18;Vie;;;
5/26/18;Sáb;Sáb;;
5/27/18;Dom;Dom;;
5/28/18;Lun;;;
5/29/18;Mar;;;
5/30/18;Mié;;;
5/31/18;Jue;;;
6/1/18;Vie;;;
6/2/18;Sáb;Sáb;;
6/3/18;Dom;Dom;;
6/4/18;Lun;;;
6/5/18;Mar;;;
6/6/18;Mié;;;
6/7/18;Jue;;;
6/8/18;Vie;;;
6/9/18;Sáb;Sáb;;
6/10/18;Dom;Dom;;
6/11/18;Lun;;;
6/12/18;Mar;;;
6/13/18;Mié;;;
6/14/18;Jue;;;
6/15/18;Vie;;;
6/16/18;Sáb;Sáb;;
6/17/18;Dom;Dom;;
6/18/18;Lun;;;
6/19/18;Mar;;;
6/20/18;Mié;;;
6/21/18;Jue;;;
6/22/18;Vie;;;
6/23/18;Sáb;Sáb;;
6/24/18;Dom;Dom;;
6/25/18;Lun;;;
6/26/18;Mar;;;
6/27/18;Mié;;;
6/28/18;Jue;;;
6/29/18;Vie;;;
6/30/18;Sáb;Sáb;;
7/1/18;Dom;Dom;;
7/2/18;Lun;;;
7/3/18;Mar;;;
7/4/18;Mié;;;
7/5/18;Jue;;;
7/6/18;Vie;;;
7/7/18;Sáb;Sáb;;
7/8/18;Dom;Dom;;
7/9/18;Lun;;;
7/10/18;Mar;;;
7/11/18;Mié;;;
7/12/18;Jue;;;
7/13/18;Vie;;;
7/14/18;Sáb;Sáb;;
7/15/18;Dom;Dom;;
7/16/18;Lun;;;
7/17/18;Mar;;;
7/18/18;Mié;;;
7/19/18;Jue;;;
7/20/18;Vie;;;
7/21/18;Sáb;Sáb;;
7/22/18;Dom;Dom;;
7/23/18;Lun;;;
7/24/18;Mar;;;
7/25/18;Mié;;;
7/26/18;Jue;;;
7/27/18;Vie;;;
7/28/18;Sáb;Sáb;;
7/29/18;Dom;Dom;;
7/30/18;Lun;;;
7/31/18;Mar;;;
8/1/18;Mié;;;
8/2/18;Jue;;;
8/3/18;Vie;;;
8/4/18;Sáb;Sáb;;
8/5/18;Dom;Dom;;
8/6/18;Lun;;;
8/7/18;Mar;;;
8/8/18;Mié;;;
8/9/18;Jue;;;
8/10/18;Vie;;;
8/11/18;Sáb;Sáb;;
8/12/18;Dom;Dom;;
8/13/18;Lun;;;
8/14/18;Mar;;;
8/15/18;Mié;Fest;;
8/16/18;Jue;;;
8/17/18;Vie;;;
8/18/18;Sáb;Sáb;;
8/19/18;Dom;Dom;;
8/20/18;Lun;;;
8/21/18;Mar;;;
8/22/18;Mié;;;
8/23/18;Jue;;;
8/24/18;Vie;;;
8/25/18;Sáb;Sáb;;
8/26/18;Dom;Dom;;
8/27/18;Lun;;;
8/28/18;Mar;;;
8/29/18;Mié;;;
8/30/18;Jue;;;
8/31/18;Vie;;;
9/1/18;Sáb;Sáb;;
9/2/18;Dom;Dom;;
9/3/18;Lun;;;
9/4/18;Mar;;;
9/5/18;Mié;;;
9/6/18;Jue;;;
9/7/18;Vie;;;
9/8/18;Sáb;Sáb;;
9/9/18;Dom;Dom;;
9/10/18;Lun;;;
9/11/18;Mar;;;
9/12/18;Mié;;;
9/13/18;Jue;;;
9/14/18;Vie;;;
9/15/18;Sáb;Sáb;;
9/16/18;Dom;Dom;;
9/17/18;Lun;;;
9/18/18;Mar;;;
9/19/18;Mié;;;
9/20/18;Jue;;;
9/21/18;Vie;;;
9/22/18;Sáb;Sáb;;
9/23/18;Dom;Dom;;
9/24/18;Lun;;;
9/25/18;Mar;;;
9/26/18;Mié;;;
9/27/18;Jue;;;
9/28/18;Vie;;;
9/29/18;Sáb;Sáb;;
9/30/18;Dom;Dom;;
10/1/18;Lun;;;
10/2/18;Mar;;;
10/3/18;Mié;;;
10/4/18;Jue;;;
10/5/18;Vie;;;
10/6/18;Sáb;Sáb;;
10/7/18;Dom;Dom;;
10/8/18;Lun;;;
10/9/18;Mar;;;
10/10/18;Mié;;;
10/11/18;Jue;;;
10/12/18;Vie;Fest;;
10/13/18;Sáb;Sáb;;
10/14/18;Dom;Dom;;
10/15/18;Lun;;;
10/16/18;Mar;;;
10/17/18;Mié;;;
10/18/18;Jue;;;
10/19/18;Vie;;;
10/20/18;Sáb;Sáb;;
10/21/18;Dom;Dom;;
10/22/18;Lun;;;
10/23/18;Mar;;;
10/24/18;Mié;;;
10/25/18;Jue;;;
10/26/18;Vie;;;
10/27/18;Sáb;Sáb;;
10/28/18;Dom;Dom;;
10/29/18;Lun;;;
10/30/18;Mar;;;
10/31/18;Mié;;;
11/1/18;Jue;Fest;;
11/2/18;Vie;;;
11/3/18;Sáb;Sáb;;
11/4/18;Dom;Dom;;
11/5/18;Lun;;;
11/6/18;Mar;;;
11/7/18;Mié;;;
11/8/18;Jue;;;
11/9/18;Vie;Fest;;
11/10/18;Sáb;Sáb;;
11/11/18;Dom;Dom;;
11/12/18;Lun;;;
11/13/18;Mar;;;
11/14/18;Mié;;;
11/15/18;Jue;;;
11/16/18;Vie;;;
11/17/18;Sáb;Sáb;;
11/18/18;Dom;Dom;;
11/19/18;Lun;;;
11/20/18;Mar;;;
11/21/18;Mié;;;
11/22/18;Jue;;;
11/23/18;Vie;;;
11/24/18;Sáb;Sáb;;
11/25/18;Dom;Dom;;
11/26/18;Lun;;;
11/27/18;Mar;;;
11/28/18;Mié;;;
11/29/18;Jue;;;
11/30/18;Vie;;;
12/1/18;Sáb;Sáb;;
12/2/18;Dom;Dom;;
12/3/18;Lun;;;
12/4/18;Mar;;;
12/5/18;Mié;;;
12/6/18;Jue;Fest;;
12/7/18;Vie;;;
12/8/18;Sáb;Sáb;;
12/9/18;Dom;Dom;;
12/10/18;Lun;;;
12/11/18;Mar;;;
12/12/18;Mié;;;
12/13/18;Jue;;;
12/14/18;Vie;;;
12/15/18;Sáb;Sáb;;
12/16/18;Dom;Dom;;
12/17/18;Lun;;;
12/18/18;Mar;;;
12/19/18;Mié;;;
12/20/18;Jue;;;
12/21/18;Vie;;;
12/22/18;Sáb;Sáb;;
12/23/18;Dom;Dom;;
12/24/18;Lun;;;
12/25/18;Mar;Fest;;
12/26/18;Mié;;;
12/27/18;Jue;;;
12/28/18;Vie;;;
12/29/18;Sáb;Sáb;;
12/30/18;Dom;Dom;;
12/31/18;Lun;;;
1/1/19;Mar;Fest;;
1/2/19;Mié;;;
1/3/19;Jue;;;
1/4/19;Vie;;;
1/5/19;Sáb;Sáb;;
1/6/19;Dom;Dom;;
1/7/19;Lun;Fest;;
1/8/19;Mar;;;
1/9/19;Mié;;;
1/10/19;Jue;;;
1/11/19;Vie;;;
1/12/19;Sáb;Sáb;;
1/13/19;Dom;Dom;;
1/14/19;Lun;;;
1/15/19;Mar;;;
1/16/19;Mié;;;
1/17/19;Jue;;;
1/18/19;Vie;;;
1/19/19;Sáb;Sáb;;
1/20/19;Dom;Dom;;
1/21/19;Lun;;;
1/22/19;Mar;;;
1/23/19;Mié;;;
1/24/19;Jue;;;
1/25/19;Vie;;;
1/26/19;Sáb;Sáb;;
1/27/19;Dom;Dom;;
1/28/19;Lun;;;
1/29/19;Mar;;;
1/30/19;Mié;;;
1/31/19;Jue;;;
2/1/19;Vie;;;
2/2/19;Sáb;Sáb;;
2/3/19;Dom;Dom;;
2/4/19;Lun;;;
2/5/19;Mar;;;
2/6/19;Mié;;;
2/7/19;Jue;;;
2/8/19;Vie;;;
2/9/19;Sáb;Sáb;;
2/10/19;Dom;Dom;;
2/11/19;Lun;;;
2/12/19;Mar;;;
2/13/19;Mié;;;
2/14/19;Jue;;;
2/15/19;Vie;;;
2/16/19;Sáb;Sáb;;
2/17/19;Dom;Dom;;
2/18/19;Lun;;;
2/19/19;Mar;;;
2/20/19;Mié;;;
2/21/19;Jue;;;
2/22/19;Vie;;;
2/23/19;Sáb;Sáb;;
2/24/19;Dom;Dom;;
2/25/19;Lun;;;
2/26/19;Mar;;;
2/27/19;Mié;;;
2/28/19;Jue;;;
3/1/19;Vie;;;
3/2/19;Sáb;Sáb;;
3/3/19;Dom;Dom;;
3/4/19;Lun;;;
3/5/19;Mar;;;
3/6/19;Mié;;;
3/7/19;Jue;;;
3/8/19;Vie;;;
3/9/19;Sáb;Sáb;;
3/10/19;Dom;Dom;;
3/11/19;Lun;;;
3/12/19;Mar;;;
3/13/19;Mié;;;
3/14/19;Jue;;;
3/15/19;Vie;;;
3/16/19;Sáb;Sáb;;
3/17/19;Dom;Dom;;
3/18/19;Lun;;;
3/19/19;Mar;;;
3/20/19;Mié;;;
3/21/19;Jue;;;
3/22/19;Vie;;;
3/23/19;Sáb;Sáb;;
3/24/19;Dom;Dom;;
3/25/19;Lun;;;
3/26/19;Mar;;;
3/27/19;Mié;;;
3/28/19;Jue;;;
3/29/19;Vie;;;
3/30/19;Sáb;Sáb;;
3/31/19;Dom;Dom;;
4/1/19;Lun;;;
4/2/19;Mar;;;
4/3/19;Mié;;;
4/4/19;Jue;;;
4/5/19;Vie;;;
4/6/19;Sáb;Sáb;;
4/7/19;Dom;Dom;;
4/8/19;Lun;;;
4/9/19;Mar;;;
4/10/19;Mié;;;
4/11/19;Jue;;;
4/12/19;Vie;;;
4/13/19;Sáb;Sáb;;
4/14/19;Dom;Dom;;
4/15/19;Lun;;;
4/16/19;Mar;;;
4/17/19;Mié;;;
4/18/19;Jue;Fest;;
4/19/19;Vie;Fest;;
4/20/19;Sáb;Sáb;;
4/21/19;Dom;Dom;;
4/22/19;Lun;;;
4/23/19;Mar;;;
4/24/19;Mié;;;
4/25/19;Jue;;;
4/26/19;Vie;;;
4/27/19;Sáb;Sáb;;
4/28/19;Dom;Dom;;
4/29/19;Lun;;;
4/30/19;Mar;;;
5/1/19;Mié;Fest;;
5/2/19;Jue;Fest;;
5/3/19;Vie;;;
5/4/19;Sáb;Sáb;;
5/5/19;Dom;Dom;;
5/6/19;Lun;;;
5/7/19;Mar;;;
5/8/19;Mié;;;
5/9/19;Jue;;;
5/10/19;Vie;;;
5/11/19;Sáb;Sáb;;
5/12/19;Dom;Dom;;
5/13/19;Lun;;;
5/14/19;Mar;;;
5/15/19;Mié;Fest;;
5/16/19;Jue;;;
5/17/19;Vie;;;
5/18/19;Sáb;Sáb;;
5/19/19;Dom;Dom;;
5/20/19;Lun;;;
5/21/19;Mar;;;
5/22/19;Mié;;;
5/23/19;Jue;;;
5/24/19;Vie;;;
5/25/19;Sáb;Sáb;;
5/26/19;Dom;Dom;;
5/27/19;Lun;;;
5/28/19;Mar;;;
5/29/19;Mié;;;
5/30/19;Jue;;;
5/31/19;Vie;;;
6/1/19;Sáb;Sáb;;
6/2/19;Dom;Dom;;
6/3/19;Lun;;;
6/4/19;Mar;;;
6/5/19;Mié;;;
6/6/19;Jue;;;
6/7/19;Vie;;;
6/8/19;Sáb;Sáb;;
6/9/19;Dom;Dom;;
6/10/19;Lun;;;
6/11/19;Mar;;;
6/12/19;Mié;;;
6/13/19;Jue;;;
6/14/19;Vie;;;
6/15/19;Sáb;Sáb;;
6/16/19;Dom;Dom;;
6/17/19;Lun;;;
6/18/19;Mar;;;
6/19/19;Mié;;;
6/20/19;Jue;;;
6/21/19;Vie;;;
6/22/19;Sáb;Sáb;;
6/23/19;Dom;Dom;;
6/24/19;Lun;;;
6/25/19;Mar;;;
6/26/19;Mié;;;
6/27/19;Jue;;;
6/28/19;Vie;;;
6/29/19;Sáb;Sáb;;
6/30/19;Dom;Dom;;
7/1/19;Lun;;;
7/2/19;Mar;;;
7/3/19;Mié;;;
7/4/19;Jue;;;
7/5/19;Vie;;;
7/6/19;Sáb;Sáb;;
7/7/19;Dom;Dom;;
7/8/19;Lun;;;
7/9/19;Mar;;;
7/10/19;Mié;;;
7/11/19;Jue;;;
7/12/19;Vie;;;
7/13/19;Sáb;Sáb;;
7/14/19;Dom;Dom;;
7/15/19;Lun;;;
7/16/19;Mar;;;
7/17/19;Mié;;;
7/18/19;Jue;;;
7/19/19;Vie;;;
7/20/19;Sáb;Sáb;;
7/21/19;Dom;Dom;;
7/22/19;Lun;;;
7/23/19;Mar;;;
7/24/19;Mié;;;
7/25/19;Jue;;;
7/26/19;Vie;;;
7/27/19;Sáb;Sáb;;
7/28/19;Dom;Dom;;
7/29/19;Lun;;;
7/30/19;Mar;;;
7/31/19;Mié;;;
8/1/19;Jue;;;
8/2/19;Vie;;;
8/3/19;Sáb;Sáb;;
8/4/19;Dom;Dom;;
8/5/19;Lun;;;
8/6/19;Mar;;;
8/7/19;Mié;;;
8/8/19;Jue;;;
8/9/19;Vie;;;
8/10/19;Sáb;Sáb;;
8/11/19;Dom;Dom;;
8/12/19;Lun;;;
8/13/19;Mar;;;
8/14/19;Mié;;;
8/15/19;Jue;Fest;;
8/16/19;Vie;;;
8/17/19;Sáb;Sáb;;
8/18/19;Dom;Dom;;
8/19/19;Lun;;;
8/20/19;Mar;;;
8/21/19;Mié;;;
8/22/19;Jue;;;
8/23/19;Vie;;;
8/24/19;Sáb;Sáb;;
8/25/19;Dom;Dom;;
8/26/19;Lun;;;
8/27/19;Mar;;;
8/28/19;Mié;;;
8/29/19;Jue;;;
8/30/19;Vie;;;
8/31/19;Sáb;Sáb;;
9/1/19;Dom;Dom;;
9/2/19;Lun;;;
9/3/19;Mar;;;
9/4/19;Mié;;;
9/5/19;Jue;;;
9/6/19;Vie;;;
9/7/19;Sáb;Sáb;;
9/8/19;Dom;Dom;;
9/9/19;Lun;;;
9/10/19;Mar;;;
9/11/19;Mié;;;
9/12/19;Jue;;;
9/13/19;Vie;;;
9/14/19;Sáb;Sáb;;
9/15/19;Dom;Dom;;
9/16/19;Lun;;;
9/17/19;Mar;;;
9/18/19;Mié;;;
9/19/19;Jue;;;
9/20/19;Vie;;;
9/21/19;Sáb;Sáb;;
9/22/19;Dom;Dom;;
9/23/19;Lun;;;
9/24/19;Mar;;;
9/25/19;Mié;;;
9/26/19;Jue;;;
9/27/19;Vie;;;
9/28/19;Sáb;Sáb;;
9/29/19;Dom;Dom;;
9/30/19;Lun;;;
10/1/19;Mar;;;
10/2/19;Mié;;;
10/3/19;Jue;;;
10/4/19;Vie;;;
10/5/19;Sáb;Sáb;;
10/6/19;Dom;Dom;;
10/7/19;Lun;;;
10/8/19;Mar;;;
10/9/19;Mié;;;
10/10/19;Jue;;;
10/11/19;Vie;;;
10/12/19;Sáb;Sáb;Fest;
10/13/19;Dom;Dom;;
10/14/19;Lun;;;
10/15/19;Mar;;;
10/16/19;Mié;;;
10/17/19;Jue;;;
10/18/19;Vie;;;
10/19/19;Sáb;Sáb;;
10/20/19;Dom;Dom;;
10/21/19;Lun;;;
10/22/19;Mar;;;
10/23/19;Mié;;;
10/24/19;Jue;;;
10/25/19;Vie;;;
10/26/19;Sáb;Sáb;;
10/27/19;Dom;Dom;;
10/28/19;Lun;;;
10/29/19;Mar;;;
10/30/19;Mié;;;
10/31/19;Jue;;;
11/1/19;Vie;Fest;;
11/2/19;Sáb;Sáb;;
11/3/19;Dom;Dom;;
11/4/19;Lun;;;
11/5/19;Mar;;;
11/6/19;Mié;;;
11/7/19;Jue;;;
11/8/19;Vie;;;
11/9/19;Sáb;Sáb;Fest;
11/10/19;Dom;Dom;;
11/11/19;Lun;;;
11/12/19;Mar;;;
11/13/19;Mié;;;
11/14/19;Jue;;;
11/15/19;Vie;;;
11/16/19;Sáb;Sáb;;
11/17/19;Dom;Dom;;
11/18/19;Lun;;;
11/19/19;Mar;;;
11/20/19;Mié;;;
11/21/19;Jue;;;
11/22/19;Vie;;;
11/23/19;Sáb;Sáb;;
11/24/19;Dom;Dom;;
11/25/19;Lun;;;
11/26/19;Mar;;;
11/27/19;Mié;;;
11/28/19;Jue;;;
11/29/19;Vie;;;
11/30/19;Sáb;Sáb;;
12/1/19;Dom;Dom;;
12/2/19;Lun;;;
12/3/19;Mar;;;
12/4/19;Mié;;;
12/5/19;Jue;;;
12/6/19;Vie;Fest;;
12/7/19;Sáb;Sáb;;
12/8/19;Dom;Dom;;
12/9/19;Lun;Fest;;
12/10/19;Mar;;;
12/11/19;Mié;;;
12/12/19;Jue;;;
12/13/19;Vie;;;
12/14/19;Sáb;Sáb;;
12/15/19;Dom;Dom;;
12/16/19;Lun;;;
12/17/19;Mar;;;
12/18/19;Mié;;;
12/19/19;Jue;;;
12/20/19;Vie;;;
12/21/19;Sáb;Sáb;;
12/22/19;Dom;Dom;;
12/23/19;Lun;;;
12/24/19;Mar;;;
12/25/19;Mié;Fest;;
12/26/19;Jue;;;
12/27/19;Vie;;;
12/28/19;Sáb;Sáb;;
12/29/19;Dom;Dom;;
12/30/19;Lun;;;
12/31/19;Mar;;;
